{
    "kan_base_act": {
        "forward": 6.8468e-5,
        "backward": 0.000171489
    },
    "kan_no_base_act": {
        "forward": 0.000171489,
        "backward": 0.000118721
    }
}